{
  "name": "baseline_ppo_1m",
  "checkpoint": "data/checkpoints/ppo_1m/best.zip",
  "algorithm": "PPO",
  "environment": "CarRacing-v3",
  "training_timesteps": 1000000,
  "best_checkpoint_step": 900000,
  "hyperparameters": {
    "policy": "CnnPolicy",
    "learning_rate": 0.0003,
    "learning_rate_schedule": "constant",
    "gamma": 0.99,
    "n_steps": 2048,
    "batch_size": 64,
    "n_epochs": 10,
    "gae_lambda": 0.95,
    "clip_range": 0.2,
    "ent_coef": 0.005,
    "vf_coef": 0.5,
    "max_grad_norm": 0.5
  },
  "evaluation_protocol": {
    "n_episodes": 30,
    "deterministic": true,
    "seed_base": 1000,
    "seeds": [1000, 1001, 1002, 1003, 1004, 1005, 1006, 1007, 1008, 1009, 1010, 1011, 1012, 1013, 1014, 1015, 1016, 1017, 1018, 1019, 1020, 1021, 1022, 1023, 1024, 1025, 1026, 1027, 1028, 1029]
  },
  "statistics": {
    "n": 30,
    "mean": 598.42,
    "median": 613.73,
    "std": 143.66,
    "ci95_low": 544.78,
    "ci95_high": 652.05,
    "best": 816.33,
    "worst": 296.23
  },
  "episode_rewards": [644.027303754255, 425.6410256410216, 441.8181818181656, 636.6666666666557, 524.1610738254943, 660.7361963190125, 703.571428571417, 624.9190938511215, 602.5316455696103, 792.5925925925796, 480.3571428571345, 701.3245033112489, 673.6486486486369, 296.22641509433157, 592.5675675675574, 465.3594771241775, 469.57928802588356, 749.8293515358176, 354.8104956268135, 751.3011152416217, 773.2876712328597, 587.1345029239685, 779.858657243802, 549.6815286624065, 719.4444444444315, 705.0314465408655, 553.3333333333181, 321.2121212121072, 816.334661354572, 555.5183946488196]
}
