{
  "best": 829.3286219081086,
  "ci95_high": 477.22540648307495,
  "ci95_low": 344.90930840432486,
  "mean": 411.0673574436999,
  "median": 411.8729021137508,
  "n": 30,
  "rewards": [
    128.66894197952743,
    292.80256410256123,
    427.2727272727102,
    633.3333333333175,
    124.83221476510573,
    295.7055214723941,
    421.42857142855416,
    657.281553398041,
    542.4050632911226,
    799.9999999999817,
    260.1190476190517,
    406.6225165562842,
    430.4054054053895,
    234.23180592991025,
    247.97297297297044,
    194.11764705882877,
    333.65695792880564,
    674.7440273037342,
    427.69679300290227,
    297.7695167286082,
    417.1232876712174,
    379.53216374267623,
    829.3286219081086,
    304.4585987260971,
    455.5555555555466,
    271.06918238993893,
    486.6666666666572,
    509.0909090909045,
    449.800796812731,
    398.327759197317
  ],
  "sem": 32.35112422463329,
  "std": 177.1944049848348,
  "worst": 124.83221476510573
}