{
  "best": 792.5925925925752,
  "ci95_high": 494.08263913993153,
  "ci95_low": 374.1201378555992,
  "mean": 434.10138849776536,
  "median": 426.6737021841583,
  "n": 30,
  "rewards": [
    403.46962457336326,
    355.1282051282017,
    641.8181818181642,
    439.99999999998334,
    426.8456375838786,
    353.9877300613361,
    260.7142857142702,
    168.60841423948696,
    276.5822784809977,
    792.5925925925752,
    388.0952380952294,
    429.80132450330103,
    437.16216216214934,
    271.9676549865184,
    714.1891891891717,
    383.6601307189403,
    433.9805825242564,
    366.81399317404686,
    471.4285714285664,
    587.732342007419,
    608.9041095890252,
    297.6608187134362,
    426.5017667844379,
    501.9108280254678,
    608.3333333333165,
    396.8553459119402,
    463.33333333331865,
    112.33636363636569,
    724.7011952191096,
    277.92642140468536
  ],
  "sem": 29.330684910594716,
  "std": 160.65077752609122,
  "worst": 112.33636363636569
}